{"The number of input tokens": 1, "The number of generated tokens": 105, "Inference Time": 2.8686752319335938, "token/second": 36.60226115217166, "_timestamp": 1711115525.3667474, "_runtime": 27.462955474853516, "_step": 0}