{"The number of input tokens": 1, "The number of generated tokens": 105, "Inference Time": 2.8814873695373535, "token/second": 36.439514227979636, "_timestamp": 1711115328.6782544, "_runtime": 142.83741641044617, "_step": 0}