{"The number of input tokens": 1, "The number of generated tokens": 105, "Inference Time": 2.9142723083496094, "token/second": 36.02957750350477, "_timestamp": 1711110503.947978, "_runtime": 1075.770045042038, "_step": 0}