{"The number of input tokens": 1, "The number of generated tokens": 105, "Inference Time": 2.8908965587615967, "token/second": 36.32091216884631, "_timestamp": 1711111065.0255384, "_runtime": 41.712056398391724, "_step": 0}