{"The number of input tokens": 1, "The number of generated tokens": 105, "Inference Time": 2.8849873542785645, "token/second": 36.39530684399026, "_timestamp": 1711113380.2960794, "_runtime": 14.777393341064453, "_step": 0}