{"The number of input tokens": 1, "The number of generated tokens": 105, "Inference Time": 2.8556642532348633, "token/second": 36.769028390174796, "_timestamp": 1711113418.2934625, "_runtime": 4.290741443634033, "_step": 0}