{"The number of input tokens": 1, "The number of generated tokens": 105, "Inference Time": 2.8722896575927734, "token/second": 36.55620167779285, "_timestamp": 1711384462.6715567, "_runtime": 9.916428804397583, "_step": 0}