{"The number of input tokens": 1, "The number of generated tokens": 54, "Inference Time": 1.5335688591003418, "token/second": 35.21198261138319, "_timestamp": 1711369903.7741592, "_runtime": 4.687154293060303, "_step": 0}