{"The number of input tokens": 1, "The number of generated tokens": 54, "Inference Time": 1.5389299392700195, "token/second": 35.08931668820123, "_timestamp": 1711369719.5260777, "_runtime": 4.051595687866211, "_step": 0}