{"The number of input tokens": 107, "The number of generated tokens": 99, "Inference Time": 2.7378854751586914, "token/second": 36.15929186894197, "_timestamp": 1711381638.4070497, "_runtime": 41.65402674674988, "_step": 1}