{"The number of input tokens": 1, "The number of generated tokens": 105, "Inference Time": 2.883187770843506, "token/second": 36.41802350225743, "_timestamp": 1711112227.879055, "_runtime": 8.61086106300354, "_step": 0}